<?xml version="1.0"?>
<ruleset name="Twitter plugin">
	<description>Twitter plugin for WordPress rules for PHP_CodeSniffer</description>

	<file>src/Twitter/WordPress</file>
	<file>twitter.php</file>
	<file>compatibility-notice.php</file>
	<file>uninstall.php</file>

	<rule ref="PEAR.Commenting.FunctionComment.MissingParamTag" />
	<rule ref="PEAR.Commenting.FunctionComment.ParamNameNoMatch" />

	<rule ref="Squiz">
		<exclude name="Squiz.Commenting.InlineComment.InvalidEndChar" />
		<exclude name="Squiz.Commenting.InlineComment.NotCapital" />
		<exclude name="Squiz.Commenting.FileComment.WrongStyle" />
	</rule>

	<rule ref="WordPress">
		<exclude-pattern type="relative">^/src/Twitter/Cards/*</exclude-pattern>

		<!-- Prefer PSR-1 method naming standard of camelCase over WordPress under_scores -->
		<exclude name="WordPress.NamingConventions.ValidFunctionName" />
	</rule>
	<rule ref="WordPress.PHP.YodaConditions">
		<!-- downgrade Yoda conditions -->
		<type>warning</type>
	</rule>
	<rule ref="WordPress.XSS.EscapeOutput">
		<!-- warns about output already escaped -->
		<type>warning</type>
	</rule>
</ruleset>